ticker,name
A,Agilent Technologies Inc
AAL,American Airlines Group Inc
AAP,Advance Auto Parts Inc
AAPL,Apple Inc
ABBV,AbbVie Inc
ABC,Amerisourcebergen Corp
ABMD,Abiomed Inc
ABT,Abbott Laboratories
ACN,Accenture plc
ADBE,Adobe Inc
ADI,Analog Devices Inc
ADM,Archer-Daniels-Midland Co
ADP,Automatic Data Processing Inc
ADSK,Autodesk Inc
AEE,Ameren Corp
AEP,American Electric Power Co Inc
AES,Aes Corp
AFL,Aflac Inc
AIG,American International Group Inc
AIZ,Assurant Inc
AJG,Arthur J Gallagher & Co
AKAM,Akamai Technologies Inc
ALB,Albemarle Corp
ALGN,Align Technology Inc
ALK,Alaska Air Group Inc
ALL,Allstate Corp
ALLE,Allegion plc
AMAT,Applied Materials Inc
AMCR,Amcor plc
AMD,Advanced Micro Devices Inc
AME,Ametek Inc
AMGN,Amgen Inc
AMP,Ameriprise Financial Inc
AMT,American Tower Corp
AMZN,Amazon Com Inc
ANET,Arista Networks Inc
ANSS,Ansys Inc
ANTM,Anthem Inc
AOS,Smith A O Corp
APA,APA Corp
APD,Air Products & Chemicals Inc
APH,Amphenol Corp
APTV,Aptiv PLC
ARE,Alexandria Real Estate Equities Inc
ATO,Atmos Energy Corp
ATVI,Activision Blizzard Inc
AVB,Avalonbay Communities Inc
AVGO,Broadcom Inc
AVY,Avery Dennison Corp
AWK,American Water Works Company Inc
AZO,Autozone Inc
BA,Boeing Co
BAX,Baxter International Inc
BBWI,Bath & Body Works Inc
BBY,Best Buy Co Inc
BDX,Becton Dickinson & Co
BF.B,Brown Forman Corp
BIIB,Biogen Inc
BIO,Bio-Rad Laboratories Inc
BKNG,Booking Holdings Inc
BKR,Baker Hughes Co
BLK,BlackRock Inc
BLL,BALL Corp
BMY,Bristol Myers Squibb Co
BR,Broadridge Financial Solutions Inc
BRK.B,Berkshire Hathaway Inc
BSX,Boston Scientific Corp
BWA,Borgwarner Inc
BXP,Boston Properties Inc
C,Citigroup Inc
CAG,Conagra Brands Inc
CAH,Cardinal Health Inc
CAT,Caterpillar Inc
CB,Chubb Ltd
CBOE,Cboe Global Markets Inc
CBRE,Cbre Group Inc
CCI,Crown Castle International Corp
CCL,Carnival Corp
CDAY,Ceridian HCM Holding Inc
CDNS,Cadence Design Systems Inc
CDW,CDW Corp
CE,Celanese Corp
CERN,CERNER Corp
CF,CF Industries Holdings Inc
CHD,Church & Dwight Co Inc
CHRW,C H Robinson Worldwide Inc
CI,Cigna Corp
CINF,Cincinnati Financial Corp
CL,Colgate Palmolive Co
CLX,Clorox Co
CMG,Chipotle Mexican Grill Inc
CMI,Cummins Inc
CMS,Cms Energy Corp
CNC,Centene Corp
CNP,Centerpoint Energy Inc
COO,Cooper Companies Inc
COP,Conocophillips
COST,Costco Wholesale Corp
CPB,Campbell Soup Co
CPRT,Copart Inc
CRL,Charles River Laboratories International Inc
CRM,Salesforcecom Inc
CSCO,Cisco Systems Inc
CSX,Csx Corp
CTAS,Cintas Corp
CTLT,Catalent Inc
CTRA,Coterra Energy Inc
CTSH,Cognizant Technology Solutions Corp
CTXS,Citrix Systems Inc
CVS,CVS HEALTH Corp
CVX,Chevron Corp
CZR,Caesars Entertainment Inc
D,Dominion Energy Inc
DAL,Delta Air Lines Inc
DD,DuPont de Nemours Inc
DE,Deere & Co
DG,Dollar General Corp
DGX,Quest Diagnostics Inc
DHI,Horton D R Inc
DHR,Danaher Corp
DIS,Walt Disney Co
DISCA,Discovery Inc
DISH,DISH Network CORP
DLR,Digital Realty Trust Inc
DLTR,Dollar Tree Inc
DOV,DOVER Corp
DOW,Dow Inc
DPZ,Dominos Pizza Inc
DRE,Duke Realty Corp
DRI,Darden Restaurants Inc
DTE,Dte Energy Co
DUK,Duke Energy CORP
DVA,Davita Inc
DVN,Devon Energy Corp
DXC,DXC Technology Co
DXCM,Dexcom Inc
EA,Electronic Arts Inc
EBAY,Ebay Inc
ECL,Ecolab Inc
ED,Consolidated Edison Inc
EFX,Equifax Inc
EIX,Edison International
EL,Estee Lauder Companies Inc
EMN,Eastman Chemical Co
EMR,Emerson Electric Co
ENPH,Enphase Energy Inc
EOG,Eog Resources Inc
EQIX,Equinix Inc
EQR,Equity Residential
ES,Eversource Energy
ESS,Essex Property Trust Inc
ETN,Eaton Corp plc
ETR,Entergy Corp
ETSY,Etsy Inc
EVRG,Evergy Inc
EW,Edwards Lifesciences Corp
EXC,Exelon Corp
EXPD,Expeditors International Of Washington Inc
EXPE,Expedia Group Inc
EXR,Extra Space Storage Inc
F,Ford Motor Co
FANG,Diamondback Energy Inc
FAST,Fastenal Co
FB,Facebook Inc
FBHS,Fortune Brands Home & Security Inc
FCX,Freeport-Mcmoran Inc
FDX,Fedex Corp
FE,Firstenergy Corp
FFIV,F5 Networks Inc
FIS,Fidelity National Information Services Inc
FISV,Fiserv Inc
FLT,Fleetcor Technologies Inc
FMC,Fmc Corp
FOXA,Fox Corp
FRT,Federal Realty Investment Trust
FTNT,Fortinet Inc
FTV,Fortive Corp
GD,General Dynamics Corp
GE,General Electric Co
GILD,Gilead Sciences Inc
GIS,General Mills Inc
GL,Globe Life Inc
GLW,Corning Inc
GM,General Motors Co
GNRC,Generac Holdings Inc
GOOGL,Alphabet Inc
GPC,Genuine Parts Co
GPN,Global Payments Inc
GPS,Gap Inc
GRMN,Garmin Ltd
GWW,Ww Grainger Inc
HAL,Halliburton Co
HAS,Hasbro Inc
HBI,Hanesbrands Inc
HCA,HCA Healthcare Inc
HD,Home Depot Inc
HES,Hess Corp
HIG,Hartford Financial Services Group Inc
HII,Huntington Ingalls Industries Inc
HLT,Hilton Worldwide Holdings Inc
HOLX,Hologic Inc
HON,Honeywell International Inc
HPE,Hewlett Packard Enterprise Co
HPQ,Hp Inc
HRL,Hormel Foods Corp
HSIC,Henry Schein Inc
HST,Host Hotels & Resorts Inc
HSY,Hershey Co
HUM,Humana Inc
HWM,Howmet Aerospace Inc
IBM,International Business Machines Corp
ICE,Intercontinental Exchange Inc
IDXX,Idexx Laboratories Inc
IEX,Idex Corp
IFF,International Flavors & Fragrances Inc
ILMN,Illumina Inc
INCY,Incyte Corp
INFO,IHS Markit Ltd
INTC,Intel Corp
INTU,Intuit Inc
IP,International Paper Co
IPG,Interpublic Group Of Companies Inc
IPGP,Ipg Photonics Corp
IQV,Iqvia Holdings Inc
IR,Ingersoll Rand Inc
IRM,Iron Mountain Inc
ISRG,Intuitive Surgical Inc
IT,Gartner Inc
ITW,Illinois Tool Works Inc
J,Jacobs Engineering Group Inc
JBHT,Hunt J B Transport Services Inc
JCI,Johnson Controls International plc
JKHY,Henry Jack & Associates Inc
JNJ,Johnson & Johnson
JNPR,Juniper Networks Inc
K,Kellogg Co
KEYS,Keysight Technologies Inc
KHC,Kraft Heinz Co
KIM,Kimco Realty Corp
KLAC,Kla Corp
KMB,Kimberly Clark Corp
KMI,Kinder Morgan Inc
KMX,Carmax Inc
KO,Coca Cola Co
KR,Kroger Co
KSU,Kansas City Southern
L,Loews Corp
LDOS,Leidos Holdings Inc
LEG,Leggett & Platt Inc
LEN,Lennar Corp
LH,Laboratory Corp Of America Holdings
LHX,L3Harris Technologies Inc
LIN,Linde Plc
LKQ,Lkq Corp
LLY,ELI LILLY & Co
LMT,Lockheed Martin Corp
LNC,Lincoln National Corp
LNT,Alliant Energy Corp
LOW,Lowes Companies Inc
LRCX,Lam Research Corp
LUMN,Lumen Technologies Inc
LUV,Southwest Airlines Co
LVS,Las Vegas Sands Corp
LW,Lamb Weston Holdings Inc
LYB,LyondellBasell Industries NV
LYV,Live Nation Entertainment Inc
MAA,Mid America Apartment Communities Inc
MAR,Marriott International Inc
MAS,Masco Corp
MCD,Mcdonalds Corp
MCHP,Microchip Technology Inc
MCK,Mckesson Corp
MDLZ,Mondelez International Inc
MDT,Medtronic plc
MET,Metlife Inc
MGM,MGM Resorts International
MHK,Mohawk Industries Inc
MKC,Mccormick & Co Inc
MLM,Martin Marietta Materials Inc
MMM,3M Co
MNST,Monster Beverage Corp
MO,Altria Group Inc
MOS,Mosaic Co
MPC,Marathon Petroleum Corp
MPWR,Monolithic Power Systems Inc
MRK,Merck & Co Inc
MRO,Marathon Oil Corp
MSCI,MSCI Inc
MSFT,Microsoft Corp
MSI,Motorola Solutions Inc
MTCH,Match Group Inc
MTD,Mettler Toledo International Inc
MU,Micron Technology Inc
NCLH,Norwegian Cruise Line Holdings Ltd
NDAQ,Nasdaq Inc
NEE,Nextera Energy Inc
NEM,NEWMONT Corp
NFLX,Netflix Inc
NI,Nisource Inc
NKE,NIKE Inc
NLOK,NortonLifeLock Inc
NLSN,Nielsen Holdings plc
NOC,Northrop Grumman Corp
NOW,ServiceNow Inc
NRG,Nrg Energy Inc
NSC,Norfolk Southern Corp
NTAP,NetApp Inc
NUE,Nucor Corp
NVDA,Nvidia Corp
NVR,Nvr Inc
NWL,Newell Brands Inc
NWSA,News Corp
NXPI,NXP Semiconductors NV
O,Realty Income Corp
ODFL,Old Dominion Freight Line Inc
OKE,Oneok Inc
ORCL,Oracle Corp
ORLY,O Reilly Automotive Inc
OTIS,Otis Worldwide Corp
OXY,Occidental Petroleum Corp
PAYC,Paycom Software Inc
PAYX,Paychex Inc
PCAR,Paccar Inc
PEAK,Healthpeak Properties Inc
PEG,Public Service Enterprise Group Inc
PENN,Penn National Gaming Inc
PEP,Pepsico Inc
PFE,Pfizer Inc
PFG,Principal Financial Group Inc
PG,PROCTER & GAMBLE Co
PGR,Progressive Corp
PH,Parker Hannifin Corp
PHM,Pultegroup Inc
PKG,Packaging Corp Of America
PKI,Perkinelmer Inc
PLD,Prologis Inc
PM,Philip Morris International Inc
PNR,PENTAIR plc
PNW,Pinnacle West Capital Corp
POOL,Pool Corp
PPG,Ppg Industries Inc
PPL,PPL Corp
PRU,Prudential Financial Inc
PSA,Public Storage
PSX,Phillips 66
PTC,Ptc Inc
PVH,Pvh Corp
PWR,Quanta Services Inc
PXD,Pioneer Natural Resources Co
PYPL,PayPal Holdings Inc
QCOM,Qualcomm Inc
QRVO,Qorvo Inc
RCL,Royal Caribbean Cruises Ltd
RE,Everest Re Group Ltd
REG,Regency Centers Corp
REGN,Regeneron Pharmaceuticals Inc
RHI,Robert Half International Inc
RJF,Raymond James Financial Inc
RL,Ralph Lauren Corp
RMD,Resmed Inc
ROK,Rockwell Automation Inc
ROL,Rollins Inc
ROP,Roper Technologies Inc
ROST,Ross Stores Inc
RSG,Republic Services Inc
RTX,Raytheon Technologies Corp
SBAC,Sba Communications Corp
SBUX,Starbucks Corp
SEE,Sealed Air Corp
SHW,Sherwin Williams Co
SJM,J M SMUCKER Co
SLB,Schlumberger Limited
SNA,Snap-on Inc
SNPS,Synopsys Inc
SO,Southern Co
SPG,Simon Property Group Inc
SPGI,S&P Global Inc
SRE,Sempra Energy
STE,STERIS plc
STX,Seagate Technology Holdings plc
STZ,Constellation Brands Inc
SWK,Stanley Black & Decker Inc
SWKS,Skyworks Solutions Inc
SYK,Stryker Corp
SYY,Sysco Corp
T,At&T Inc
TAP,Molson Coors Beverage Co
TDG,TransDigm Group INC
TDY,Teledyne Technologies Inc
TECH,BIO-TECHNE Corp
TEL,TE Connectivity Ltd
TER,Teradyne Inc
TFX,Teleflex Inc
TGT,Target Corp
TJX,Tjx Companies Inc
TMO,Thermo Fisher Scientific Inc
TMUS,T-Mobile US Inc
TPR,Tapestry Inc
TRMB,Trimble Inc
TROW,Price T Rowe Group Inc
TRV,Travelers Companies Inc
TSCO,Tractor Supply Co
TSLA,Tesla Inc
TSN,Tyson Foods Inc
TT,Trane Technologies plc
TTWO,Take Two Interactive Software Inc
TWTR,Twitter Inc
TXN,Texas Instruments Inc
TXT,Textron Inc
TYL,Tyler Technologies Inc
UAA,Under Armour Inc
UAL,United Airlines Holdings Inc
UDR,UDR Inc
ULTA,Ulta Beauty Inc
UNH,Unitedhealth Group Inc
UNP,Union Pacific Corp
UPS,United Parcel Service Inc
URI,United Rentals Inc
V,Visa Inc
VFC,V F Corp
VIAC,ViacomCBS Inc
VLO,Valero Energy Corp
VMC,Vulcan Materials CO
VNO,Vornado Realty Trust
VRSK,Verisk Analytics Inc
VRSN,Verisign Inc
VRTX,Vertex Pharmaceuticals Inc
VTR,Ventas Inc
VTRS,Viatris Inc
VZ,Verizon Communications Inc
WAB,Westinghouse Air Brake Technologies Corp
WAT,Waters Corp
WBA,Walgreens Boots Alliance Inc
WDC,Western Digital Corp
WEC,Wec Energy Group Inc
WELL,Welltower Inc
WHR,Whirlpool Corp
WM,Waste Management Inc
WMB,Williams Companies Inc
WMT,Walmart Inc
WRB,Berkley W R Corp
WRK,WestRock Co
WST,West Pharmaceutical Services Inc
WU,Western Union CO
WY,Weyerhaeuser Co
WYNN,Wynn Resorts Ltd
XEL,Xcel Energy Inc
XLNX,Xilinx Inc
XOM,Exxon Mobil Corp
XRAY,DENTSPLY SIRONA Inc
XYL,Xylem Inc
YUM,Yum Brands Inc
ZBH,Zimmer Biomet Holdings Inc
ZBRA,Zebra Technologies Corp
ZTS,Zoetis Inc
